{
  "LR: 0.0001, Optimizer: Adam": {
    "train_losses": [
      3.0255086277470444,
      2.5094533183357934,
      1.9579739715113784,
      1.495752088951342,
      1.125572787992882,
      0.834582036191767,
      0.6899211280273668,
      0.6017890139059587,
      0.6155279260693174,
      0.5636570110465541
    ],
    "train_accuracies": [
      0.10430622009569378,
      0.24641148325358853,
      0.43349282296650715,
      0.6047846889952153,
      0.7363636363636363,
      0.8119617224880383,
      0.8622009569377991,
      0.8818181818181818,
      0.8717703349282296,
      0.8904306220095694
    ],
    "validation_losses": [
      3.023173999786377,
      3.269750142097473,
      2.5783451080322264,
      2.8805813550949098,
      2.1267717123031615,
      2.007461500167847,
      2.3001598119735718,
      1.9994443893432616,
      1.661808431148529,
      1.6024375319480897
    ],
    "validation_accuracies": [
      0.11557788944723618,
      0.021775544388609715,
      0.3015075376884422,
      0.11557788944723618,
      0.5745393634840871,
      0.49748743718592964,
      0.4304857621440536,
      0.5745393634840871,
      0.7102177554438861,
      0.6030150753768844
    ]
  },
  "LR: 0.0001, Optimizer: SGD": {
    "train_losses": [
      3.207795511592518,
      3.19961302208178,
      3.1880960247733374,
      3.18107879523075,
      3.167491558826331,
      3.1636004014448686,
      3.157009811112375,
      3.1458862261338667,
      3.144537983518658,
      3.142505356759736
    ],
    "train_accuracies": [
      0.04688995215311005,
      0.05263157894736842,
      0.041626794258373206,
      0.0430622009569378,
      0.05550239234449761,
      0.05215311004784689,
      0.053110047846889955,
      0.06028708133971292,
      0.05454545454545454,
      0.05071770334928229
    ],
    "validation_losses": [
      3.2408708572387694,
      3.2288052082061767,
      3.2213204145431518,
      3.220138096809387,
      3.1981411933898927,
      3.185718297958374,
      3.203997278213501,
      3.184517240524292,
      3.1677221775054933,
      3.1712547540664673
    ],
    "validation_accuracies": [
      0.038525963149078725,
      0.03685092127303183,
      0.04020100502512563,
      0.031825795644891124,
      0.04522613065326633,
      0.04187604690117253,
      0.04522613065326633,
      0.04690117252931323,
      0.04522613065326633,
      0.04020100502512563
    ]
  },
  "LR: 0.0001, Optimizer: RMSprop": {
    "train_losses": [
      2.5357419577511875,
      1.7666872956536033,
      1.3359673709580393,
      1.1540895158594304,
      1.0223028551448474,
      0.9402559905341177,
      0.9390901327133179,
      0.9339486432797981,
      0.9454534667910952,
      0.8918150320197596
    ],
    "train_accuracies": [
      0.22583732057416267,
      0.4626794258373206,
      0.6229665071770335,
      0.7052631578947368,
      0.7483253588516746,
      0.7674641148325358,
      0.7559808612440191,
      0.776555023923445,
      0.7669856459330143,
      0.7779904306220096
    ],
    "validation_losses": [
      3.0396835088729857,
      2.7787962198257445,
      2.752169632911682,
      2.412443661689758,
      2.6359962940216066,
      3.0973621129989626,
      3.4909200429916383,
      2.3435962915420534,
      2.4953846454620363,
      2.126366579532623
    ],
    "validation_accuracies": [
      0.05360134003350084,
      0.12562814070351758,
      0.20603015075376885,
      0.2797319932998325,
      0.20770519262981574,
      0.11892797319932999,
      0.16750418760469013,
      0.33835845896147404,
      0.2948073701842546,
      0.3768844221105528
    ]
  },
  "LR: 0.001, Optimizer: Adam": {
    "train_losses": [
      2.6076413790384927,
      2.3821802211530283,
      2.384621273387562,
      2.415834983189901,
      2.433465914292769,
      2.4439185099168257,
      2.4317248301072554
    ],
    "train_accuracies": [
      0.17751196172248804,
      0.18373205741626794,
      0.17703349282296652,
      0.16124401913875597,
      0.16411483253588516,
      0.16363636363636364,
      0.17129186602870813
    ],
    "validation_losses": [
      3.177262568473816,
      3.3158302545547484,
      3.1799560546875,
      3.313870000839233,
      84.56388854980469,
      3.5748470067977904,
      3.289449453353882
    ],
    "validation_accuracies": [
      0.031825795644891124,
      0.05695142378559464,
      0.048576214405360134,
      0.035175879396984924,
      0.04187604690117253,
      0.048576214405360134,
      0.04522613065326633
    ]
  },
  "LR: 0.001, Optimizer: SGD": {
    "train_losses": [
      3.1847887255928735,
      3.131748734098492,
      3.089964938886238,
      3.047999736034509,
      3.004538666118275,
      2.95855594403816,
      2.913848053325306,
      2.85949588544441,
      2.804841171611439,
      2.7531278783624824
    ],
    "train_accuracies": [
      0.04688995215311005,
      0.07464114832535886,
      0.11052631578947368,
      0.1507177033492823,
      0.17703349282296652,
      0.19952153110047846,
      0.1875598086124402,
      0.19856459330143542,
      0.19617224880382775,
      0.24162679425837322
    ],
    "validation_losses": [
      3.395590353012085,
      3.1964022159576415,
      3.155420660972595,
      3.1453482866287232,
      3.1239354372024537,
      3.09165997505188,
      3.0553403377532957,
      3.032936453819275,
      3.063015103340149,
      2.9687524795532227
    ],
    "validation_accuracies": [
      0.048576214405360134,
      0.04522613065326633,
      0.05527638190954774,
      0.06197654941373534,
      0.04187604690117253,
      0.11055276381909548,
      0.07202680067001675,
      0.09212730318257957,
      0.05695142378559464,
      0.10552763819095477
    ]
  },
  "LR: 0.001, Optimizer: RMSprop": {
    "train_losses": [
      3.459474686420325,
      3.1751128976995293,
      3.1314088214527476,
      3.06795960484129,
      2.869072625131318,
      2.9739699435956553,
      2.804257053317446,
      2.8370699087778726
    ],
    "train_accuracies": [
      0.03397129186602871,
      0.04832535885167464,
      0.05263157894736842,
      0.06794258373205742,
      0.0937799043062201,
      0.08038277511961722,
      0.07559808612440191,
      0.07942583732057416
    ],
    "validation_losses": [
      3.179358792304993,
      3.1757471561431885,
      3.1079357385635378,
      4.432882022857666,
      3.185002255439758,
      3.1770296812057497,
      3.1888432025909426,
      3.095395588874817
    ],
    "validation_accuracies": [
      0.051926298157453935,
      0.03350083752093802,
      0.08040201005025126,
      0.04020100502512563,
      0.04522613065326633,
      0.04690117252931323,
      0.04690117252931323,
      0.048576214405360134
    ]
  },
  "LR: 0.01, Optimizer: Adam": {
    "train_losses": [
      3.697608651536884,
      2.9550705750783286,
      2.987483501434326,
      3.1288739840189614,
      3.176527008865819,
      3.1765101678443677,
      3.1764460838202275,
      3.1764929872570615,
      3.1768737706271084,
      3.176719094767715
    ],
    "train_accuracies": [
      0.04688995215311005,
      0.08660287081339713,
      0.08325358851674641,
      0.08564593301435407,
      0.03253588516746411,
      0.02966507177033493,
      0.041626794258373206,
      0.03732057416267943,
      0.038755980861244016,
      0.038755980861244016
    ],
    "validation_losses": [
      3.179558539390564,
      3.180887293815613,
      3.1767974376678465,
      3.1774019241333007,
      3.176925873756409,
      3.1773791313171387,
      3.1775301694869995,
      3.1772029876708983,
      3.177597975730896,
      3.17669141292572
    ],
    "validation_accuracies": [
      0.02680067001675042,
      0.03685092127303183,
      0.03685092127303183,
      0.02680067001675042,
      0.03350083752093802,
      0.04690117252931323,
      0.04020100502512563,
      0.05025125628140704,
      0.038525963149078725,
      0.02680067001675042
    ]
  },