{"LR: 0.0001, Optimizer: Adam": {"train_losses": [3.190647912747932, 3.060112122333411, 2.751869028264826, 2.373906626845851, 1.9638499599514585, 1.5795159231532703, 1.3026589263569226, 1.0984079006946448, 0.9704156265114293, 0.8808388366843715], "train_accuracies": [0.05215311004784689, 0.11339712918660287, 0.20047846889952153, 0.31435406698564594, 0.47368421052631576, 0.5593301435406699, 0.6588516746411484, 0.7349282296650718, 0.7617224880382775, 0.8019138755980861], "validation_losses": [3.126602816581726, 2.960375666618347, 2.5621089220046995, 2.2364909172058107, 1.8977462291717528, 1.6493098258972168, 1.4836136102676392, 1.6586605548858642, 1.4273467421531678, 1.2359337985515595], "validation_accuracies": [0.09212730318257957, 0.18760469011725292, 0.254606365159129, 0.31155778894472363, 0.4455611390284757, 0.5678391959798995, 0.6314907872696818, 0.5443886097152428, 0.6767169179229481, 0.7102177554438861]}, "LR: 0.0001, Optimizer: SGD": {"train_losses": [3.2143641529661235, 3.217506574861931, 3.210593664284908, 3.2129667311003716, 3.2078086896376177, 3.1976468563079834, 3.207710468407833, 3.191907131310665, 3.1871006561048105, 3.192339767109264], "train_accuracies": [0.03588516746411483, 0.03349282296650718, 0.04401913875598086, 0.041626794258373206, 0.03110047846889952, 0.04019138755980861, 0.04401913875598086, 0.05454545454545454, 0.050239234449760764, 0.04449760765550239], "validation_losses": [3.1858325481414793, 3.182107758522034, 3.186884140968323, 3.188254547119141, 3.189619302749634, 3.1796483993530273, 3.185537576675415, 3.1791006326675415, 3.177885341644287, 3.174409818649292], "validation_accuracies": [0.05360134003350084, 0.05025125628140704, 0.05527638190954774, 0.04522613065326633, 0.05025125628140704, 0.05025125628140704, 0.03685092127303183, 0.05695142378559464, 0.04020100502512563, 0.05527638190954774]}, "LR: 0.0001, Optimizer: RMSprop": {"train_losses": [2.8652016827554414, 2.2392364704247676, 1.8344718181725703, 1.5323912447149104, 1.358331409367648, 1.175264992497184, 1.0500185959266894, 0.9489486145250725, 0.9309767069238605, 0.87693021514199], "train_accuracies": [0.12870813397129185, 0.3004784688995215, 0.45311004784688996, 0.5674641148325359, 0.6430622009569378, 0.7181818181818181, 0.75311004784689, 0.7937799043062201, 0.7909090909090909, 0.8076555023923445], "validation_losses": [2.696846294403076, 2.244328165054321, 2.3805464267730714, 1.7993180394172668, 1.8099632740020752, 1.4865393877029418, 1.7081511735916137, 1.988377606868744, 1.8297273755073546, 2.0577251434326174], "validation_accuracies": [0.18760469011725292, 0.35678391959798994, 0.33668341708542715, 0.5309882747068677, 0.4623115577889447, 0.7085427135678392, 0.626465661641541, 0.4371859296482412, 0.5896147403685092, 0.4824120603015075]}, "LR: 0.001, Optimizer: Adam": {"train_losses": [2.801005233417858, 2.107646602572817, 2.037502949888056, 1.9119821786880493, 1.8375559322761768, 1.9103595487999194, 1.8961449175169973, 1.8592789859482737, 1.9278670260400483, 1.8623259248155537], "train_accuracies": [0.1416267942583732, 0.29904306220095694, 0.3124401913875598, 0.3444976076555024, 0.38181818181818183, 0.39090909090909093, 0.38708133971291864, 0.3894736842105263, 0.3430622009569378, 0.38181818181818183], "validation_losses": [3.177811598777771, 3.553477072715759, 3.6352436542510986, 3.540220355987549, 3.9738088130950926, 4.026423215866089, 3.3239841222763062, 3.0711847066879274, 3.1845773220062257, 4.546126222610473], "validation_accuracies": [0.02847571189279732, 0.04522613065326633, 0.05360134003350084, 0.051926298157453935, 0.04522613065326633, 0.05360134003350084, 0.06030150753768844, 0.11055276381909548, 0.09715242881072027, 0.08375209380234507]}, "LR: 0.001, Optimizer: SGD": {"train_losses": [3.2107193108760947, 3.1926940860170308, 3.1803108778866855, 3.1702612457853374, 3.1545943346890537, 3.14564847946167, 3.13832907965689, 3.1266616546746455, 3.121760859633937, 3.111263636386756], "train_accuracies": [0.046411483253588515, 0.046411483253588515, 0.05885167464114833, 0.05167464114832536, 0.05789473684210526, 0.06172248803827751, 0.06842105263157895, 0.0784688995215311, 0.07703349282296651, 0.08899521531100478], "validation_losses": [3.18539879322052, 3.1912495851516725, 3.173736333847046, 3.1703243494033813, 3.1742731094360352, 3.1583250761032104, 3.1587486982345583, 3.139669942855835, 3.14563045501709, 3.111365723609924], "validation_accuracies": [0.051926298157453935, 0.05025125628140704, 0.06365159128978225, 0.04522613065326633, 0.05862646566164154, 0.08375209380234507, 0.06197654941373534, 0.07705192629815745, 0.05360134003350084, 0.10552763819095477]}, "LR: 0.001, Optimizer: RMSprop": {"train_losses": [3.330098188284672, 3.173203858462247, 3.1503050833037407, 3.0903310920252944, 2.9724324399774726, 2.8596677202166934, 2.7639513954971777, 2.7629720731215044, 2.8728139689474395, 2.942126259659276], "train_accuracies": [0.04688995215311005, 0.046411483253588515, 0.053588516746411484, 0.06411483253588517, 0.08421052631578947, 0.08708133971291866, 0.11052631578947368, 0.11148325358851674, 0.08947368421052632, 0.07320574162679426], "validation_losses": [3.176055335998535, 3.1730435132980346, 3.1504020929336547, 3.372662305831909, 14.51525058746338, 3.1788975954055787, 80807.5640625, 9.431116771697997, 3.074538469314575, 3.182569909095764], "validation_accuracies": [0.038525963149078725, 0.04355108877721943, 0.04187604690117253, 0.05527638190954774, 0.05862646566164154, 0.05360134003350084, 0.04187604690117253, 0.051926298157453935, 0.08877721943048576, 0.03685092127303183]}, "LR: 0.01, Optimizer: Adam": {"train_losses": [3.486058300191706, 3.1837119405919854, 3.1242357962059253, 3.1764735453056567, 3.1764817743590386, 3.1764111518859863], "train_accuracies": [0.042105263157894736, 0.04449760765550239, 0.046411483253588515, 0.0354066985645933, 0.03684210526315789, 0.03636363636363636], "validation_losses": [3.171353578567505, 3.175423431396484, 3.177191162109375, 3.1771680116653442, 3.1767003774642943, 3.176735782623291], "validation_accuracies": [0.05025125628140704, 0.05025125628140704, 0.03685092127303183, 0.05025125628140704, 0.038525963149078725, 0.04187604690117253]}, "LR: 0.01, Optimizer: SGD": {"train_losses": [3.17108086383704, 3.0836649013288095, 2.981739701646747, 2.8666562528321236, 2.79339945677555, 2.792374256885413, 2.8464581243919604, 2.936938560370243, 3.027800292679758, 3.1095090201406768], "train_accuracies": [0.053110047846889955, 0.10478468899521531, 0.17703349282296652, 0.22200956937799043, 0.2291866028708134, 0.23062200956937798, 0.21339712918660286, 0.19138755980861244, 0.15789473684210525, 0.09186602870813397], "validation_losses": [3.168382263183594, 3.159713339805603, 3.165692949295044, 3.152146410942078, 3.1369324922561646, 3.1601521730422975, 3.1766809701919554, 3.1777511119842528, 3.17769992351532, 3.1776216506958006], "validation_accuracies": [0.04690117252931323, 0.04522613065326633, 0.04522613065326633, 0.05695142378559464, 0.06532663316582915, 0.10720268006700168, 0.03685092127303183, 0.03350083752093802, 0.03350083752093802, 0.031825795644891124]}, "LR: 0.01, Optimizer: RMSprop": {"train_losses": [4.4934852412252715, 3.1767299608750776, 3.176434870922204, 3.1767945361859873, 3.1773992957490864, 3.176558118877989], "train_accuracies": [0.04066985645933014, 0.042105263157894736, 0.042583732057416265, 0.041626794258373206, 0.03684210526315789, 0.03205741626794258], "validation_losses": [3.1756088018417357, 3.1771569728851317, 3.177272820472717, 3.176727628707886, 3.176773715019226, 3.176421284675598], "validation_accuracies": [0.05025125628140704, 0.04355108877721943, 0.04020100502512563, 0.04020100502512563, 0.03350083752093802, 0.04187604690117253]}}