{"LR: 0.0001, Optimizer: Adam": {"train_losses": [3.136222485340003, 2.784918683947939, 2.563622929833152, 2.4084533200119482, 2.2697285160873877, 2.0723952307845606, 1.9185993779789319, 1.8566632451433125, 1.7980098868861343, 1.7765483783953118], "train_accuracies": [0.07464114832535886, 0.14019138755980862, 0.20861244019138755, 0.28038277511961723, 0.32727272727272727, 0.4416267942583732, 0.4904306220095694, 0.5311004784688995, 0.5444976076555024, 0.5583732057416267], "validation_losses": [3.012773036956787, 2.6462595462799072, 2.4250657081604006, 2.390125107765198, 2.1676838636398315, 1.9548096537590027, 1.9138653516769408, 1.9927360534667968, 2.3187827348709105, 1.9459381341934203], "validation_accuracies": [0.15577889447236182, 0.18425460636515914, 0.2629815745393635, 0.2830820770519263, 0.3500837520938023, 0.44221105527638194, 0.47738693467336685, 0.4137353433835846, 0.22445561139028475, 0.4103852596314908]}, "LR: 0.0001, Optimizer: SGD": {"train_losses": [3.382202805894794, 3.3264107993154814, 3.3222513993581138, 3.324526989098751, 3.259913141077215, 3.2475794806624902, 3.233305656548702, 3.1793861389160156, 3.1592457800200493, 3.113249547553785], "train_accuracies": [0.05885167464114833, 0.045454545454545456, 0.05215311004784689, 0.05550239234449761, 0.06507177033492823, 0.07416267942583732, 0.06555023923444976, 0.08181818181818182, 0.07894736842105263, 0.09186602870813397], "validation_losses": [3.1619331359863283, 3.145997667312622, 3.1246795654296875, 3.1041595697402955, 3.087432098388672, 3.0784738540649412, 3.03685941696167, 3.040394330024719, 3.0114103317260743, 2.9967789173126222], "validation_accuracies": [0.08375209380234507, 0.09547738693467336, 0.08710217755443886, 0.09882747068676717, 0.11892797319932999, 0.10552763819095477, 0.11390284757118928, 0.1306532663316583, 0.11390284757118928, 0.1440536013400335]}, "LR: 0.0001, Optimizer: RMSprop": {"train_losses": [3.1023541797291148, 2.7609773187926323, 2.6758627963788584, 2.6453738573825722, 2.6619512312340015, 2.687016335400668, 2.668686440496734], "train_accuracies": [0.08708133971291866, 0.13014354066985645, 0.1320574162679426, 0.13444976076555024, 0.12200956937799043, 0.11148325358851674, 0.10526315789473684], "validation_losses": [3.038138723373413, 2.7223920106887816, 2.813847231864929, 3.034756374359131, 7.013187837600708, 4.765163278579712, 2.7293797731399536], "validation_accuracies": [0.09212730318257957, 0.1624790619765494, 0.1440536013400335, 0.10720268006700168, 0.05695142378559464, 0.05527638190954774, 0.07537688442211055]}, "LR: 0.001, Optimizer: Adam": {"train_losses": [2.994557994784731, 2.7024491411266904, 2.6557088909727153, 2.6584946892478247, 2.664734052889275, 2.6584441950826934, 2.663887623584632, 2.6720684297157056, 2.6735536690914268, 2.675555460380785], "train_accuracies": [0.07703349282296651, 0.08755980861244018, 0.08995215311004785, 0.08373205741626795, 0.0923444976076555, 0.09282296650717703, 0.09043062200956938, 0.09330143540669857, 0.0937799043062201, 0.08708133971291866], "validation_losses": [3.2081781387329102, 3.8598894357681273, 3.049695611000061, 4.153439903259278, 2.5798714637756346, 2.622996759414673, 2.6455807209014894, 2.8912042379379272, 3.000539231300354, 2.840572738647461], "validation_accuracies": [0.051926298157453935, 0.048576214405360134, 0.08207705192629816, 0.048576214405360134, 0.09212730318257957, 0.08710217755443886, 0.09045226130653267, 0.08207705192629816, 0.06867671691792294, 0.09715242881072027]}, "LR: 0.001, Optimizer: SGD": {"train_losses": [3.384053338657726, 3.162101637233387, 3.0214936010765308, 2.9059481982028847, 2.811443870717829, 2.7264624219952207, 2.6781461094364976, 2.6456703055988657, 2.59418206503897, 2.5815713261113022], "train_accuracies": [0.05167464114832536, 0.0799043062200957, 0.0937799043062201, 0.12535885167464114, 0.13588516746411483, 0.15741626794258373, 0.16937799043062202, 0.17942583732057416, 0.20813397129186603, 0.19952153110047846], "validation_losses": [3.147622060775757, 2.9969123363494874, 2.896655774116516, 2.7499326944351195, 2.720760440826416, 2.6426202297210692, 2.6087032079696657, 2.5781447172164915, 2.54752197265625, 2.544152522087097], "validation_accuracies": [0.08375209380234507, 0.12395309882747069, 0.09547738693467336, 0.1658291457286432, 0.17587939698492464, 0.26800670016750416, 0.2663316582914573, 0.2696817420435511, 0.2797319932998325, 0.2864321608040201]}, "LR: 0.001, Optimizer: RMSprop": {"train_losses": [2.8439936421134253, 2.7339092456933223, 2.685132720253684, 2.682043032212691, 2.6839447743964917, 2.6943657470471933, 2.694920063018799, 2.7001450061798096, 2.7047788302103677, 2.6990370389186973], "train_accuracies": [0.09282296650717703, 0.08516746411483253, 0.08421052631578947, 0.09138755980861243, 0.08421052631578947, 0.08851674641148326, 0.08995215311004785, 0.0923444976076555, 0.08755980861244018, 0.08516746411483253], "validation_losses": [4.974614810943604, 3.3167470693588257, 3.1857720375061036, 3.625309467315674, 2.9835251808166503, 3.8220606565475466, 3.683993124961853, 3.4339755535125733, 4.677299976348877, 3.238456630706787], "validation_accuracies": [0.05025125628140704, 0.04020100502512563, 0.04020100502512563, 0.04020100502512563, 0.06030150753768844, 0.04020100502512563, 0.04020100502512563, 0.04187604690117253, 0.05025125628140704, 0.08877721943048576]}, "LR: 0.01, Optimizer: Adam": {"train_losses": [2.958699573170055, 2.8279671018773858, 2.8720009688175088, 3.0850463997234, 3.1763968034224077, 3.1765177683396773], "train_accuracies": [0.07703349282296651, 0.08851674641148326, 0.09043062200956938, 0.06937799043062201, 0.042583732057416265, 0.04019138755980861], "validation_losses": [5.018563222885132, 3.1636255741119386, 3.172578239440918, 3.1766783714294435, 3.17668879032135, 3.1777472257614137], "validation_accuracies": [0.04020100502512563, 0.038525963149078725, 0.038525963149078725, 0.03685092127303183, 0.038525963149078725, 0.03685092127303183]}, "LR: 0.01, Optimizer: SGD": {"train_losses": [3.0291386300867256, 2.6821082071824507, 2.6468887907085996, 2.6841784751776494, 2.7306988600528603, 2.781125718897039, 2.834994568969264], "train_accuracies": [0.09186602870813397, 0.16363636363636364, 0.15023923444976076, 0.1368421052631579, 0.11291866028708133, 0.10334928229665072, 0.09808612440191387], "validation_losses": [3.091598391532898, 2.918773150444031, 2.776173710823059, 2.7920154571533202, 2.793327569961548, 2.8176105260849, 2.856217050552368], "validation_accuracies": [0.10050251256281408, 0.1541038525963149, 0.11222780569514237, 0.10720268006700168, 0.07035175879396985, 0.09045226130653267, 0.08207705192629816]}, "LR: 0.01, Optimizer: RMSprop": {"train_losses": [3.229457493984338, 3.177117362166896, 3.1764798453359893, 3.1764755249023438, 3.176974159298521, 3.1767399166569565, 3.1769278049468994], "train_accuracies": [0.038755980861244016, 0.046411483253588515, 0.042583732057416265, 0.03923444976076555, 0.03779904306220096, 0.04354066985645933, 0.03588516746411483], "validation_losses": [3.176839804649353, 3.1764187097549437, 3.1760981798172, 3.176507496833801, 3.1765244245529174, 3.1760652542114256, 3.1762309074401855], "validation_accuracies": [0.04690117252931323, 0.05025125628140704, 0.04690117252931323, 0.04020100502512563, 0.03685092127303183, 0.04020100502512563, 0.04355108877721943]}}