{
  "train_losses": [
    5.505448818206787,
    3.176563436334783,
    3.1766809116710317,
    3.1766912575924033,
    3.1764156962886,
    3.1774935577854966,
    3.177333701740612,
    3.1764176397612602,
    3.178594632582231,
    3.1774829589959346
  ],
  "train_accuracies": [
    0.038755980861244016,
    0.042105263157894736,
    0.03923444976076555,
    0.042583732057416265,
    0.042583732057416265,
    0.04019138755980861,
    0.042583732057416265,
    0.04832535885167464,
    0.042105263157894736,
    0.04114832535885168
  ],
  "validation_losses": [
    3.1766314029693605,
    3.1769240856170655,
    3.1773067712783813,
    3.1768889904022215,
    3.1766188621520994,
    3.179340648651123,
    3.177921724319458,
    3.17650146484375,
    3.177767539024353,
    3.17595112323761
  ],
  "validation_accuracies": [
    0.038525963149078725,
    0.04020100502512563,
    0.04690117252931323,
    0.04522613065326633,
    0.04690117252931323,
    0.038525963149078725,
    0.048576214405360134,
    0.04187604690117253,
    0.04522613065326633,
    0.04522613065326633
  ],
  "test_losses": [
    3.175649070739746,
    3.176426124572754,
    3.177666759490967,
    3.1767953395843507,
    3.176841163635254,
    3.1810399532318114,
    3.179018974304199,
    3.1763020038604735,
    3.1773802280426025,
    3.1777655601501467
  ],
  "test_accuracies": [
    0.06354515050167224,
    0.043478260869565216,
    0.04013377926421405,
    0.03678929765886288,
    0.04013377926421405,
    0.056856187290969896,
    0.056856187290969896,
    0.05016722408026756,
    0.043478260869565216,
    0.043478260869565216
  ]
}