{"train_losses": [2.0091147577489608, 0.8974504686948908, 0.5694931547605354, 0.3841220847977937, 0.2672187410408759, 0.2132817986741207, 0.20821513103335412, 0.16920281170319965, 0.15262426319354364, 0.1682613372646329, 0.10586610874018938, 0.11791121437505797, 0.10603941309813211, 0.09071012966704504, 0.10539797264709358, 0.08043467270597844, 0.06463830401402905, 0.0558500977033991, 0.07834201113974945, 0.08649492516352987, 0.09733750791473755, 0.08486417680801042, 0.09404917642872297, 0.0888604553174654, 0.08338323081239261, 0.04501803608643218, 0.03503758131920979, 0.06041638906920713, 0.06374519918814216, 0.0576794751875817], "train_accuracies": [0.36985645933014355, 0.7344497607655502, 0.8325358851674641, 0.8904306220095694, 0.9258373205741627, 0.9411483253588516, 0.9339712918660287, 0.9521531100478469, 0.9526315789473684, 0.9516746411483253, 0.9712918660287081, 0.9688995215311005, 0.9741626794258373, 0.9722488038277513, 0.968421052631579, 0.977511961722488, 0.9846889952153111, 0.9846889952153111, 0.977511961722488, 0.9770334928229665, 0.9708133971291866, 0.9755980861244019, 0.9736842105263158, 0.9736842105263158, 0.9727272727272728, 0.9894736842105263, 0.9904306220095693, 0.9870813397129187, 0.9794258373205742, 0.9808612440191388], "validation_losses": [1.3178080822292126, 0.703579464241078, 0.7953960679863629, 0.4504583105444908, 0.40582532219980894, 0.31665770165426166, 0.5320391686339128, 0.2927628506563212, 0.6475626998826077, 0.23488809085009912, 0.19638227989995166, 0.28440427767897125, 0.25231488110301525, 0.2264486739203628, 0.2509740405765019, 0.23409163484987067, 0.21867597691322627, 0.3783159481704627, 0.3037452610381144, 0.2917826043343858, 0.2786485158201111, 0.27743186556587096, 0.25496923026481744, 0.29661269409974156, 0.17617385091541923, 0.16856308189821184, 0.17910380876702747, 0.3691492324793025, 0.20128676539752632, 0.17853812337240302], "validation_accuracies": [0.5628140703517588, 0.8241206030150754, 0.7805695142378559, 0.8609715242881072, 0.8710217755443886, 0.914572864321608, 0.8391959798994975, 0.9179229480737019, 0.8157453936348409, 0.9262981574539364, 0.932998324958124, 0.9061976549413735, 0.9279731993299832, 0.932998324958124, 0.9279731993299832, 0.9363484087102177, 0.9212730318257957, 0.8944723618090452, 0.9212730318257957, 0.9045226130653267, 0.9246231155778895, 0.9262981574539364, 0.9296482412060302, 0.9078726968174204, 0.9463986599664992, 0.9463986599664992, 0.9430485762144054, 0.9045226130653267, 0.9413735343383585, 0.949748743718593], "test_losses": [1.2732105631577342, 0.6133004709293968, 0.7024467509043845, 0.4449712351748818, 0.34231302004895714, 0.3381484222451323, 0.5273717806527489, 0.21037096461575283, 0.5687680950290278, 0.17324487296374222, 0.15542218346442832, 0.20300787902976336, 0.1619472690171709, 0.2271907157877362, 0.20785150755392878, 0.14153367437814413, 0.17563484957147585, 0.27650670942507294, 0.2282099734844738, 0.2803557345545606, 0.2746490769480404, 0.25809206798868745, 0.30286296138441876, 0.2565924403392465, 0.11287338426949359, 0.1430579997096701, 0.13380014108444907, 0.5013516100221559, 0.296203820932485, 0.15844029467859255], "test_accuracies": [0.5919732441471572, 0.842809364548495, 0.822742474916388, 0.8662207357859532, 0.8896321070234113, 0.9096989966555183, 0.8394648829431438, 0.9230769230769231, 0.8260869565217391, 0.9498327759197325, 0.9565217391304348, 0.9264214046822743, 0.9531772575250836, 0.9230769230769231, 0.9264214046822743, 0.9632107023411371, 0.9531772575250836, 0.9063545150501672, 0.939799331103679, 0.9230769230769231, 0.9163879598662207, 0.9096989966555183, 0.9230769230769231, 0.9364548494983278, 0.9665551839464883, 0.9665551839464883, 0.9632107023411371, 0.8963210702341137, 0.939799331103679, 0.9531772575250836]}