{"train_losses": [2.265196417317246, 1.144608407309561, 0.6267631803498124, 0.3840814232826233, 0.24095995633891135, 0.1708630562731714, 0.12538274761402246, 0.09571068733930588, 0.06477719477631828, 0.05861959815251105, 0.05285044765156327, 0.04213415515242201, 0.027951646426861935, 0.02957630961794745, 0.03968813798079888, 0.024704544579215122, 0.01943868577875423, 0.016676332067811127, 0.014492279567727537, 0.014319496977171211, 0.013362355544372942, 0.012564866182704767, 0.013137613536056244, 0.01257550236627911, 0.012466878912439852, 0.012143166001999018, 0.011311134845582825, 0.010144636126686677, 0.0094251726951563, 0.010288128897434834, 0.010894159447740425, 0.009448154716554916, 0.009580562074640484, 0.008636205598260418, 0.010357973843135616, 0.00939998667066296, 0.008609193320752996, 0.009006243961101229], "train_accuracies": [0.34210526315789475, 0.7066985645933014, 0.861244019138756, 0.9157894736842105, 0.9540669856459331, 0.9727272727272728, 0.9760765550239234, 0.9846889952153111, 0.9904306220095693, 0.9904306220095693, 0.9885167464114832, 0.9942583732057416, 0.9980861244019139, 0.9956937799043062, 0.9933014354066986, 0.9971291866028709, 0.9980861244019139, 0.9985645933014354, 0.999043062200957, 0.9985645933014354, 0.9995215311004785, 0.9995215311004785, 0.9985645933014354, 0.9995215311004785, 0.999043062200957, 0.9995215311004785, 0.999043062200957, 0.999043062200957, 1.0, 0.9995215311004785, 0.9985645933014354, 0.9995215311004785, 0.9985645933014354, 0.9995215311004785, 0.9995215311004785, 0.9995215311004785, 1.0, 0.9995215311004785], "validation_losses": [2.599231219291687, 1.133716529607773, 0.6005767911672593, 0.44571797698736193, 0.565969905257225, 0.31299530267715453, 0.3148994788527489, 0.23382068425416946, 0.24519989192485808, 0.21475488618016242, 0.2056936539709568, 0.22326786518096925, 0.23620531409978868, 0.24640725553035736, 0.19090319462120534, 0.15043239146471024, 0.14432740099728109, 0.1427121289074421, 0.15640029609203338, 0.15007679350674152, 0.13863203525543213, 0.14247330278158188, 0.14875827878713607, 0.15250223837792873, 0.1422996573150158, 0.1453545790165663, 0.16392509117722512, 0.14659060463309287, 0.1378719698637724, 0.14562444314360617, 0.14175335504114628, 0.14802137203514576, 0.13454589769244193, 0.13888189271092416, 0.1396814789623022, 0.14116354919970037, 0.14136820435523986, 0.16484971158206463], "validation_accuracies": [0.21105527638190955, 0.7219430485762144, 0.8693467336683417, 0.8894472361809045, 0.8693467336683417, 0.9279731993299832, 0.932998324958124, 0.948073701842546, 0.9396984924623115, 0.931323283082077, 0.9447236180904522, 0.9296482412060302, 0.9279731993299832, 0.9296482412060302, 0.948073701842546, 0.9547738693467337, 0.9581239530988275, 0.9564489112227805, 0.9581239530988275, 0.964824120603015, 0.9614740368509213, 0.9547738693467337, 0.9514237855946399, 0.9530988274706867, 0.9581239530988275, 0.964824120603015, 0.9581239530988275, 0.966499162479062, 0.964824120603015, 0.9614740368509213, 0.9631490787269682, 0.9581239530988275, 0.9614740368509213, 0.9530988274706867, 0.964824120603015, 0.9597989949748744, 0.9631490787269682, 0.9564489112227805], "test_losses": [2.6247850894927978, 1.1352874517440796, 0.660736334323883, 0.47262783646583556, 0.592592841386795, 0.35661482214927676, 0.33544833660125734, 0.31725568175315855, 0.303772634267807, 0.2616481363773346, 0.25036590695381167, 0.21327974796295165, 0.2664364963769913, 0.2669482707977295, 0.2351234197616577, 0.17834986001253128, 0.17050159722566605, 0.16317941397428512, 0.18761594742536544, 0.163448329269886, 0.1567690134048462, 0.16090969145298004, 0.14109108000993728, 0.145454241335392, 0.14971423298120498, 0.17460302859544755, 0.1451181098818779, 0.14995232820510865, 0.14740815684199332, 0.17250198721885682, 0.15833990573883056, 0.14009976834058763, 0.15228496342897416, 0.13203239291906357, 0.15215475708246232, 0.14423576295375823, 0.15645731389522552, 0.15628778636455537], "test_accuracies": [0.23745819397993312, 0.7090301003344481, 0.8394648829431438, 0.8729096989966555, 0.8561872909698997, 0.9063545150501672, 0.9130434782608695, 0.9096989966555183, 0.9230769230769231, 0.9264214046822743, 0.9364548494983278, 0.9264214046822743, 0.919732441471572, 0.9130434782608695, 0.9230769230769231, 0.9331103678929766, 0.9531772575250836, 0.9531772575250836, 0.9464882943143813, 0.9531772575250836, 0.9632107023411371, 0.9431438127090301, 0.9698996655518395, 0.959866220735786, 0.9565217391304348, 0.9565217391304348, 0.959866220735786, 0.9498327759197325, 0.9531772575250836, 0.9565217391304348, 0.9565217391304348, 0.9665551839464883, 0.9565217391304348, 0.9632107023411371, 0.9531772575250836, 0.9498327759197325, 0.9498327759197325, 0.9565217391304348]}