{"train_losses": [6.094694990100282, 2.6988434502572725, 2.4056891311298716, 2.201989249749617, 2.09244603099245, 2.028505235007315, 1.9468803694753936, 1.9666797103303852, 1.9272874557610713, 1.8318352193543406, 1.8799059969006162, 1.861239245443633, 1.878723787538933, 1.7906925497633037, 1.7961727091760347, 1.6271339149186106, 1.525958725900361, 1.4516598925446018, 1.4488771503621882, 1.3029337507305723, 1.2153587305184566, 1.154547241601077, 1.0617083690383218, 0.9735188718998071, 0.9431625622691531, 0.8660703771042101, 0.8177194974639199, 0.7828374017368663, 0.7557252356500337, 0.6753655184398998], "train_accuracies": [0.045454545454545456, 0.10287081339712918, 0.16172248803827752, 0.19569377990430623, 0.19569377990430623, 0.2138755980861244, 0.24401913875598086, 0.23253588516746412, 0.2507177033492823, 0.25263157894736843, 0.24593301435406698, 0.2578947368421053, 0.2578947368421053, 0.28995215311004785, 0.29473684210526313, 0.4143540669856459, 0.4382775119617225, 0.47416267942583734, 0.4478468899521531, 0.5253588516746411, 0.5435406698564593, 0.5822966507177033, 0.6100478468899522, 0.6492822966507177, 0.6602870813397129, 0.6746411483253588, 0.7114832535885167, 0.714354066985646, 0.7358851674641148, 0.7650717703349282], "validation_losses": [4.0185178279876705, 5.360902166366577, 4.233137083053589, 6.385381364822388, 5.490131902694702, 8.408679151535035, 4.741844749450683, 2.0021547079086304, 2.008945715427399, 15.82215404510498, 4.262056422233582, 2.810642647743225, 4.359442329406738, 10.703026962280273, 1.9107679963111877, 2.9734400272369386, 1.5257499456405639, 2.5537798404693604, 5.348005628585815, 3.5430948972702025, 1.8736424446105957, 1.6875123381614685, 2.85511999130249, 4.241915655136109, 6.341943788528442, 6.568872928619385, 1.7377429842948913, 3.1729799032211305, 0.9987437129020691, 2.413993179798126], "validation_accuracies": [0.04690117252931323, 0.05360134003350084, 0.04690117252931323, 0.08877721943048576, 0.10050251256281408, 0.06197654941373534, 0.09212730318257957, 0.23953098827470687, 0.20100502512562815, 0.08040201005025126, 0.10720268006700168, 0.1407035175879397, 0.10385259631490787, 0.04522613065326633, 0.23618090452261306, 0.16917922948073702, 0.4656616415410385, 0.20435510887772193, 0.15577889447236182, 0.22110552763819097, 0.3333333333333333, 0.4103852596314908, 0.2747068676716918, 0.24455611390284757, 0.20435510887772193, 0.18425460636515914, 0.4723618090452261, 0.4036850921273032, 0.6683417085427136, 0.40703517587939697], "test_losses": [3.8824979782104494, 5.202160358428955, 4.221875286102295, 6.40447473526001, 5.475081253051758, 8.524369049072266, 4.753109073638916, 2.091262364387512, 1.9894943952560424, 16.275534439086915, 4.324166107177734, 2.9739663124084474, 4.352810478210449, 11.210437202453614, 2.0013326168060304, 3.0136433124542235, 1.5384642601013183, 2.6148214817047117, 5.417906284332275, 3.6359134197235106, 1.9240801572799682, 1.7070655584335328, 2.8945496559143065, 4.218759536743164, 6.428938007354736, 6.3908638000488285, 1.6883551597595214, 3.1088422775268554, 0.9490854978561402, 2.5117461681365967], "test_accuracies": [0.07357859531772576, 0.046822742474916385, 0.06354515050167224, 0.0903010033444816, 0.06688963210702341, 0.0802675585284281, 0.10367892976588629, 0.2408026755852843, 0.22408026755852842, 0.07692307692307693, 0.11036789297658862, 0.16722408026755853, 0.10367892976588629, 0.05016722408026756, 0.2508361204013378, 0.13712374581939799, 0.44481605351170567, 0.24749163879598662, 0.1605351170568562, 0.22742474916387959, 0.33444816053511706, 0.4280936454849498, 0.3177257525083612, 0.2909698996655518, 0.23411371237458195, 0.2140468227424749, 0.49498327759197325, 0.3879598662207358, 0.6889632107023411, 0.3979933110367893]}