{"train_losses": [7.442236885879979, 2.850969596342607, 2.407375805305712, 2.2689641750220098, 2.1406154343576143, 2.1231778571099946, 2.0219391439900254, 2.0020751375140566, 1.9169596397515498, 1.874934120611711, 1.8747198942935828, 1.8963595014629941, 1.6987144621935757, 1.508900472612092, 1.4127390601418235, 1.1369691129886743, 0.9598836718183575, 0.8840957049167517, 0.8371690313021342, 0.7865234450860457, 0.7585742184610078, 0.6966790936209939, 0.6645099981264635, 0.618467143087676, 0.5635053614775339, 0.5179708961284522, 0.4651178934357383, 0.45634729347445746, 0.4205589958212592, 0.4210519533265721], "train_accuracies": [0.05502392344497608, 0.09760765550239234, 0.1492822966507177, 0.1736842105263158, 0.19521531100478468, 0.19856459330143542, 0.21961722488038277, 0.23253588516746412, 0.24019138755980862, 0.2722488038277512, 0.24258373205741626, 0.2789473684210526, 0.35789473684210527, 0.415311004784689, 0.45454545454545453, 0.5751196172248804, 0.6435406698564593, 0.6856459330143541, 0.7081339712918661, 0.7392344497607656, 0.7291866028708134, 0.7483253588516746, 0.7751196172248804, 0.7842105263157895, 0.8191387559808613, 0.8177033492822966, 0.8349282296650717, 0.8435406698564594, 0.8607655502392344, 0.8569377990430622], "validation_losses": [8.497348594665528, 5.014537334442139, 3.1407798290252686, 2.231186103820801, 3.5543823719024656, 2.6573039293289185, 1.9489086389541626, 2.7443286418914794, 3.1954553842544557, 22.100000953674318, 6.476485967636108, 2.049548697471619, 18.822192192077637, 61.072520065307614, 4.4088424921035765, 1.0621657192707061, 0.9255982160568237, 0.894337821006775, 0.8992268204689026, 0.7767601907253265, 0.8215280830860138, 0.8392842531204223, 0.7027218759059906, 0.673450443148613, 0.6751163870096206, 0.7263139307498931, 0.8516930401325226, 0.6703589498996735, 0.6147192597389222, 0.7098697125911713], "validation_accuracies": [0.04522613065326633, 0.07537688442211055, 0.10217755443886097, 0.19262981574539365, 0.06365159128978225, 0.10552763819095477, 0.25795644891122277, 0.12395309882747069, 0.06197654941373534, 0.035175879396984924, 0.05360134003350084, 0.24120603015075376, 0.05025125628140704, 0.05360134003350084, 0.21105527638190955, 0.5912897822445561, 0.6633165829145728, 0.6683417085427136, 0.678391959798995, 0.7152428810720268, 0.7319932998324958, 0.7051926298157454, 0.7621440536013401, 0.7788944723618091, 0.7889447236180904, 0.7487437185929648, 0.7504187604690117, 0.7654941373534339, 0.7855946398659966, 0.7788944723618091], "test_losses": [8.112344360351562, 5.087642955780029, 3.184148597717285, 2.282742404937744, 3.4567825317382814, 2.616643857955933, 1.9447563409805297, 2.6012842655181885, 3.018091154098511, 22.139696502685545, 6.470464992523193, 2.0695799827575683, 18.810894012451172, 61.91352081298828, 4.36212568283081, 1.0878412842750549, 0.959665584564209, 0.9104849934577942, 1.033100950717926, 0.8261941075325012, 0.8936475276947021, 0.900064742565155, 0.7240079045295715, 0.7947049617767334, 0.6986247539520264, 0.7093782901763916, 0.8033504962921143, 0.6852882921695709, 0.5741671919822693, 0.6801990032196045], "test_accuracies": [0.030100334448160536, 0.07023411371237458, 0.07023411371237458, 0.1505016722408027, 0.07023411371237458, 0.12040133779264214, 0.2809364548494983, 0.15384615384615385, 0.08361204013377926, 0.05016722408026756, 0.06688963210702341, 0.24414715719063546, 0.06354515050167224, 0.08695652173913043, 0.24414715719063546, 0.568561872909699, 0.6588628762541806, 0.6789297658862876, 0.6454849498327759, 0.6755852842809364, 0.6354515050167224, 0.6989966555183946, 0.745819397993311, 0.6956521739130435, 0.7625418060200669, 0.7792642140468228, 0.7290969899665551, 0.7591973244147158, 0.8294314381270903, 0.7725752508361204]}