{"train_losses": [4.4934852412252715, 3.1767299608750776, 3.176434870922204, 3.1767945361859873, 3.1773992957490864, 3.176558118877989], "train_accuracies": [0.04066985645933014, 0.042105263157894736, 0.042583732057416265, 0.041626794258373206, 0.03684210526315789, 0.03205741626794258], "validation_losses": [3.1756088018417357, 3.1771569728851317, 3.177272820472717, 3.176727628707886, 3.176773715019226, 3.176421284675598], "validation_accuracies": [0.05025125628140704, 0.04355108877721943, 0.04020100502512563, 0.04020100502512563, 0.03350083752093802, 0.04187604690117253], "test_losses": [3.175608921051025, 3.179503059387207, 3.1782461643218993, 3.1767772674560546, 3.1763608932495115, 3.1771520614624023], "test_accuracies": [0.033444816053511704, 0.030100334448160536, 0.030100334448160536, 0.043478260869565216, 0.030100334448160536, 0.026755852842809364]}