{"train_losses": [4.611152143189401, 3.8373887394413804, 3.541938456622037, 3.458820357467189, 3.0125816663106284, 2.6667413639299795, 2.460581649433483, 2.3034634120536572, 2.2074769626964224, 2.171592195828756, 2.0836258620926826, 2.021141478509614, 2.021053263635346, 2.033229278795647, 1.9944641373374246, 1.8824273745218914, 1.7945586117831143, 1.8086960315704346, 1.8435897465908166, 1.7768193266608499, 1.7893639875180793, 1.7439605575619321, 1.7501630819205083, 1.7394366770079641, 1.7705357977838228, 1.74175226688385, 1.727899219050552, 1.7833751620668354, 1.7369187853553079, 1.7529452136068633], "train_accuracies": [0.04354066985645933, 0.03349282296650718, 0.042583732057416265, 0.06028708133971292, 0.09712918660287082, 0.12344497607655502, 0.1430622009569378, 0.15741626794258373, 0.18086124401913875, 0.19330143540669856, 0.20334928229665072, 0.21770334928229665, 0.22057416267942584, 0.21483253588516746, 0.22727272727272727, 0.2727272727272727, 0.3033492822966507, 0.28995215311004785, 0.28660287081339714, 0.29330143540669856, 0.30191387559808613, 0.3043062200956938, 0.2952153110047847, 0.30574162679425837, 0.2856459330143541, 0.2889952153110048, 0.3076555023923445, 0.2736842105263158, 0.3181818181818182, 0.3076555023923445], "validation_losses": [887420.13125, 11.285205626487732, 3.519967031478882, 11.745154356956482, 2.5613072395324705, 2.7842633724212646, 2.4428009033203124, 2.208427333831787, 2.4231430530548095, 2.5731878757476805, 2.2249773383140563, 2.013480520248413, 2.1881803631782533, 7.078173112869263, 2.2727109670639036, 1.7484144687652587, 1.7069206714630127, 1.758951222896576, 2.075243377685547, 1.7735758066177367, 1.6991523623466491, 1.8232882976531983, 1.6949512481689453, 1.7641958475112915, 1.6466004252433777, 1.9138262867927551, 1.7930166006088257, 1.655263113975525, 1.8101651310920714, 1.6360014915466308], "validation_accuracies": [0.04522613065326633, 0.051926298157453935, 0.035175879396984924, 0.06030150753768844, 0.10050251256281408, 0.07705192629815745, 0.1306532663316583, 0.15577889447236182, 0.13400335008375208, 0.12395309882747069, 0.1624790619765494, 0.20435510887772193, 0.19430485762144054, 0.03350083752093802, 0.1708542713567839, 0.2948073701842546, 0.31825795644891125, 0.32998324958123953, 0.24120603015075376, 0.30318257956448913, 0.3249581239530988, 0.2646566164154104, 0.31993299832495814, 0.2797319932998325, 0.32830820770519265, 0.21943048576214405, 0.2981574539363484, 0.33500837520938026, 0.24120603015075376, 0.3165829145728643], "test_losses": [827792.65, 3.1926895141601563, 3.316172885894775, 3.246962785720825, 2.536405086517334, 2.822523832321167, 2.48929181098938, 2.245017385482788, 2.3412969589233397, 2.6147326946258547, 2.095186185836792, 1.9631324529647827, 2.077108359336853, 6.8835625648498535, 2.3832929611206053, 1.7091864109039308, 1.6991638898849488, 1.7327327728271484, 2.0123661041259764, 1.766617202758789, 1.6801235914230346, 1.8295833110809325, 1.6415562152862548, 1.682836103439331, 1.6095263242721558, 1.7803804636001588, 1.7488554477691651, 1.614691400527954, 1.8193716764450074, 1.579257893562317], "test_accuracies": [0.043478260869565216, 0.06020066889632107, 0.04013377926421405, 0.043478260869565216, 0.10033444816053512, 0.04013377926421405, 0.09698996655518395, 0.1605351170568562, 0.12709030100334448, 0.12709030100334448, 0.18394648829431437, 0.2408026755852843, 0.2040133779264214, 0.043478260869565216, 0.15719063545150502, 0.3377926421404682, 0.3311036789297659, 0.2909698996655518, 0.25752508361204013, 0.31438127090301005, 0.3277591973244147, 0.2709030100334448, 0.3377926421404682, 0.28762541806020064, 0.3779264214046823, 0.25752508361204013, 0.31438127090301005, 0.3612040133779264, 0.23411371237458195, 0.35785953177257523]}