{"train_losses": [2.605020007104364, 1.4109022235142366, 0.7466857176245624, 0.526848322562589, 0.3824771951514346, 0.29070710743429096, 0.2454169592500188, 0.20142926048231488, 0.16855137512258445, 0.13715012724162967, 0.1753990858053888, 0.10648254186753894, 0.11534531001456594, 0.11125687587977821, 0.09684001229248429, 0.08501441256349324, 0.06568655013177857, 0.06456782099015954, 0.09870743045924615, 0.07786076857694176, 0.08761597430433025, 0.07330025802544168, 0.04383877880217237, 0.06730108645225641, 0.0541925264152748, 0.048816952897939574, 0.04014765086693988, 0.03551881398404913, 0.05075505106507282, 0.09239368554727238], "train_accuracies": [0.19282296650717703, 0.5746411483253588, 0.7803827751196172, 0.8511961722488038, 0.8894736842105263, 0.9210526315789473, 0.9320574162679426, 0.937799043062201, 0.9497607655502392, 0.9622009569377991, 0.9464114832535885, 0.9717703349282296, 0.9636363636363636, 0.9722488038277513, 0.9741626794258373, 0.9760765550239234, 0.9813397129186603, 0.9813397129186603, 0.9708133971291866, 0.9779904306220095, 0.9727272727272728, 0.9779904306220095, 0.9899521531100478, 0.9822966507177033, 0.9832535885167464, 0.9866028708133971, 0.9889952153110048, 0.9913875598086125, 0.9861244019138756, 0.9741626794258373], "validation_losses": [1.7331940123909397, 0.8970097130850742, 0.5469830777300032, 0.5325813030726031, 0.5035259444266558, 0.3787907585011501, 0.3208414321814321, 0.3565920741591406, 0.32280354055968163, 0.29273233712209684, 0.2882133524276708, 0.2896682645659894, 0.2629810334305818, 0.466529171399184, 0.2329544993178723, 0.25898645479097276, 0.20713339529098257, 0.23948660642398814, 0.2390583626417394, 0.301131129212751, 0.2913120468759811, 0.19659690271854693, 0.215955206813401, 0.2541826106669185, 0.2790493603097275, 0.2472986823719877, 0.2735232380218804, 0.28230564478833814, 0.277529450516388, 0.2367942136540813], "validation_accuracies": [0.4355108877721943, 0.7269681742043551, 0.8358458961474037, 0.8324958123953099, 0.8509212730318257, 0.8827470686767169, 0.9011725293132329, 0.8944723618090452, 0.9112227805695142, 0.9195979899497487, 0.9179229480737019, 0.9262981574539364, 0.9262981574539364, 0.8877721943048577, 0.932998324958124, 0.9346733668341709, 0.949748743718593, 0.9514237855946399, 0.9363484087102177, 0.9229480737018425, 0.9179229480737019, 0.932998324958124, 0.9396984924623115, 0.932998324958124, 0.9346733668341709, 0.9413735343383585, 0.931323283082077, 0.9396984924623115, 0.9346733668341709, 0.9447236180904522], "test_losses": [1.8029701897972508, 0.9883108186094385, 0.6208505512852418, 0.539723029654277, 0.4806622694197454, 0.33620559090846464, 0.26318690984656934, 0.30450290637580973, 0.30798144736572314, 0.3100608214735985, 0.2653981304090274, 0.2727670998949754, 0.2520310640531151, 0.34853736026898813, 0.1902913937443181, 0.20419404645891567, 0.20153519018602215, 0.22266914455318138, 0.21620745733870486, 0.21415021204340615, 0.26498241754444807, 0.17512843294044664, 0.24260159089279018, 0.22056229628230395, 0.3626272832288554, 0.2891106960167618, 0.22221788624301553, 0.18242189948030405, 0.2150019288896338, 0.29729662140782337], "test_accuracies": [0.41471571906354515, 0.6923076923076923, 0.8394648829431438, 0.8394648829431438, 0.8528428093645485, 0.9163879598662207, 0.9297658862876255, 0.9096989966555183, 0.9063545150501672, 0.903010033444816, 0.9264214046822743, 0.9230769230769231, 0.9364548494983278, 0.8963210702341137, 0.939799331103679, 0.9297658862876255, 0.9464882943143813, 0.9297658862876255, 0.9297658862876255, 0.9431438127090301, 0.9230769230769231, 0.9464882943143813, 0.939799331103679, 0.9364548494983278, 0.8996655518394648, 0.9264214046822743, 0.9364548494983278, 0.9531772575250836, 0.9498327759197325, 0.9364548494983278]}