{"train_losses": [5.191445083329172, 3.532676162141742, 3.4011080409541274, 3.2947322310823384, 3.3111184510317715, 3.3070210832538027, 3.2539750662716953, 3.3292669093970098, 3.092544519540035, 2.8139333002495044, 2.460608128345374, 2.4585103410663027, 2.386734962463379, 2.2648320414803247, 2.2278367280960083, 2.073822451360298, 1.9827570517857869, 1.919674443476128, 1.9413402622396296, 1.9147402264855125, 1.9217227986364653, 1.8976348783030654, 1.9348898222952178, 1.8989348483808113, 1.869186181010622, 1.8554977178573608, 1.8740198250972864, 1.8491034002015085, 1.8141029314561323, 1.823894916158734], "train_accuracies": [0.042105263157894736, 0.042105263157894736, 0.045933014354066985, 0.03684210526315789, 0.045454545454545456, 0.03971291866028708, 0.0430622009569378, 0.050239234449760764, 0.08755980861244018, 0.12009569377990431, 0.17272727272727273, 0.16937799043062202, 0.19186602870813396, 0.20287081339712917, 0.20047846889952153, 0.23588516746411484, 0.23588516746411484, 0.26220095693779905, 0.2516746411483254, 0.26267942583732057, 0.24976076555023924, 0.2755980861244019, 0.2698564593301435, 0.2641148325358852, 0.2732057416267943, 0.27177033492822966, 0.2636363636363636, 0.2832535885167464, 0.29330143540669856, 0.28995215311004785], "validation_losses": [3.737113356590271, 3.1657845973968506, 5.034498858451843, 3.1635900259017946, 3.6249987125396728, 3.1679628133773803, 3.162629508972168, 392.7663543701172, 2.690408778190613, 4.905598258972168, 4.18922598361969, 10052.2064453125, 2.248478126525879, 4.8749157905578615, 25.13300304412842, 1.8114891290664672, 1.7521794319152832, 1.8608874678611755, 1.739547073841095, 1.7351953029632567, 1.785698449611664, 1.7327001929283141, 1.7367301344871522, 1.6957721829414367, 1.83827201128006, 1.7215014219284057, 1.7133697986602783, 1.7402039885520935, 1.6331822872161865, 1.6520149946212768], "validation_accuracies": [0.04690117252931323, 0.05025125628140704, 0.035175879396984924, 0.031825795644891124, 0.04187604690117253, 0.04020100502512563, 0.04187604690117253, 0.04690117252931323, 0.09380234505862646, 0.04020100502512563, 0.07370184254606366, 0.04187604690117253, 0.17420435510887772, 0.048576214405360134, 0.05527638190954774, 0.2663316582914573, 0.2613065326633166, 0.23450586264656617, 0.288107202680067, 0.2814070351758794, 0.2780569514237856, 0.2613065326633166, 0.288107202680067, 0.2981574539363484, 0.22445561139028475, 0.2998324958123953, 0.2629815745393635, 0.2981574539363484, 0.2797319932998325, 0.2914572864321608], "test_losses": [3.230519247055054, 3.166297721862793, 3.310834503173828, 3.1660391807556154, 3.3918834209442137, 3.1639785289764406, 3.1682557582855226, 446.1059631347656, 2.719377565383911, 4.697412395477295, 3.95595269203186, 10092.784375, 2.247093105316162, 4.7061999320983885, 28.289049911499024, 1.8194266080856323, 1.7269097089767456, 1.861010241508484, 1.6985465288162231, 1.6562054395675658, 1.7308040142059327, 1.6813108444213867, 1.7767752885818482, 1.6756024599075316, 1.8578667879104613, 1.6670502424240112, 1.6961692094802856, 1.674522590637207, 1.6908004760742188, 1.6368398904800414], "test_accuracies": [0.056856187290969896, 0.033444816053511704, 0.033444816053511704, 0.033444816053511704, 0.030100334448160536, 0.033444816053511704, 0.043478260869565216, 0.06020066889632107, 0.10367892976588629, 0.06020066889632107, 0.056856187290969896, 0.05351170568561873, 0.18729096989966554, 0.05016722408026756, 0.056856187290969896, 0.32441471571906355, 0.3110367892976589, 0.26421404682274247, 0.2842809364548495, 0.3177257525083612, 0.32441471571906355, 0.2909698996655518, 0.3377926421404682, 0.3210702341137124, 0.2408026755852843, 0.36789297658862874, 0.2909698996655518, 0.3010033444816054, 0.3311036789297659, 0.2909698996655518]}