{"train_losses": [NaN, NaN, NaN, NaN, NaN, NaN, NaN, NaN, NaN, NaN, NaN], "train_accuracies": [0.044976076555023926, 0.04401913875598086, 0.04401913875598086, 0.04401913875598086, 0.04401913875598086, 0.04401913875598086, 0.04401913875598086, 0.04401913875598086, 0.04401913875598086, 0.04401913875598086, 0.04401913875598086], "validation_losses": [NaN, NaN, NaN, NaN, NaN, NaN, NaN, NaN, NaN, NaN, NaN], "validation_accuracies": [0.04020100502512563, 0.04020100502512563, 0.04020100502512563, 0.04020100502512563, 0.04020100502512563, 0.04020100502512563, 0.04020100502512563, 0.04020100502512563, 0.04020100502512563, 0.04020100502512563, 0.04020100502512563], "test_losses": [NaN, NaN, NaN, NaN, NaN, NaN, NaN, NaN, NaN, NaN, NaN], "test_accuracies": [0.046822742474916385, 0.046822742474916385, 0.046822742474916385, 0.046822742474916385, 0.046822742474916385, 0.046822742474916385, 0.046822742474916385, 0.046822742474916385, 0.046822742474916385, 0.046822742474916385, 0.046822742474916385]}