{"train_losses": [3.229457493984338, 3.177117362166896, 3.1764798453359893, 3.1764755249023438, 3.176974159298521, 3.1767399166569565, 3.1769278049468994], "train_accuracies": [0.038755980861244016, 0.046411483253588515, 0.042583732057416265, 0.03923444976076555, 0.03779904306220096, 0.04354066985645933, 0.03588516746411483], "validation_losses": [3.176839804649353, 3.1764187097549437, 3.1760981798172, 3.176507496833801, 3.1765244245529174, 3.1760652542114256, 3.1762309074401855], "validation_accuracies": [0.04690117252931323, 0.05025125628140704, 0.04690117252931323, 0.04020100502512563, 0.03685092127303183, 0.04020100502512563, 0.04355108877721943], "test_losses": [3.1745626449584963, 3.17475266456604, 3.178029727935791, 3.1772408962249754, 3.1757864475250246, 3.17728214263916, 3.175871753692627], "test_accuracies": [0.03678929765886288, 0.05351170568561873, 0.030100334448160536, 0.046822742474916385, 0.05351170568561873, 0.046822742474916385, 0.06020066889632107]}