{"train_losses": [3.140221792322989, 2.9251394745047765, 2.8062860801929737, 2.7586276440220026, 2.6799461313786397, 2.681002338423984, 2.6266369856040894, 2.5428140973316804, 2.6637701860820973, 2.5947756457874793, 2.68625822868056, 2.604052581859909, 2.49725365456734, 2.5146652887795717, 2.5355694202976373, 2.3636572315492703, 2.2966647084432705, 2.251247459695539, 2.151514759500518, 2.11083841414852, 2.0697686826909774, 2.0503527617636528, 2.0430338191622086, 2.005750915476384, 1.9524363233842923, 1.9659292133709856, 1.9229338396596545, 1.9243851863700925, 1.8891908139672897, 2.2543316651846617], "train_accuracies": [0.06746411483253588, 0.09090909090909091, 0.09043062200956938, 0.08995215311004785, 0.10813397129186603, 0.09808612440191387, 0.11244019138755981, 0.13923444976076554, 0.09569377990430622, 0.1258373205741627, 0.09569377990430622, 0.12105263157894737, 0.14784688995215312, 0.15167464114832535, 0.1430622009569378, 0.16698564593301435, 0.19282296650717703, 0.19425837320574163, 0.21578947368421053, 0.22775119617224882, 0.23684210526315788, 0.24497607655502393, 0.23540669856459331, 0.24784688995215312, 0.2794258373205742, 0.26889952153110047, 0.27416267942583733, 0.2889952153110048, 0.291866028708134, 0.21100478468899522], "validation_losses": [3.53595653333162, 2.726063094641033, 2.6372187263087223, 2.88100760861447, 2.569229144799082, 2.5280820319527075, 2.55039476093493, 3.0326287746429443, 2.522796586940163, 27.36883128316779, 2.5803344312467074, 2.697489493771603, 2.5332182520314266, 2.503270337456151, 2.4290809129413806, 2.205576002597809, 2.0696599797198645, 2.1253090124381218, 2.0081184820124975, 1.9771429551275153, 1.9049740119984275, 2.001880043431332, 1.8710593173378391, 1.8743554385084855, 1.942811325976723, 1.8568390607833862, 2.3797408216877987, 1.7411395436839054, 1.8735000867592662, 4.484252383834438], "validation_accuracies": [0.035175879396984924, 0.07035175879396985, 0.10887772194304858, 0.07370184254606366, 0.10217755443886097, 0.09715242881072027, 0.06532663316582915, 0.07035175879396985, 0.10552763819095477, 0.035175879396984924, 0.09380234505862646, 0.11557788944723618, 0.09882747068676717, 0.11725293132328309, 0.13400335008375208, 0.22278056951423786, 0.24288107202680068, 0.20938023450586266, 0.2780569514237856, 0.3065326633165829, 0.2931323283082077, 0.25125628140703515, 0.35175879396984927, 0.2981574539363484, 0.2931323283082077, 0.32998324958123953, 0.18090452261306533, 0.36348408710217756, 0.2897822445561139, 0.051926298157453935], "test_losses": [3.5156129159425435, 2.716125814538253, 2.62874005970202, 2.8425998436777213, 2.5580263765234696, 2.532034710833901, 2.5535957938746403, 3.057024265590467, 2.529050299995824, 27.715594241493626, 2.5875345405779386, 2.659717409234298, 2.541278550499364, 2.4732392963610197, 2.4236437521482768, 2.266763316957574, 2.1645339476434806, 2.1475430664263273, 2.0885160973197534, 2.0308359108473124, 1.98923196918086, 2.110663520662408, 1.9801411691464876, 1.9222414117110402, 2.0128913866846183, 1.9276144630030583, 2.436444276257565, 1.8309520232050043, 1.8678188700424998, 4.391728903117933], "test_accuracies": [0.03678929765886288, 0.07023411371237458, 0.11036789297658862, 0.11705685618729098, 0.12040133779264214, 0.10033444816053512, 0.06354515050167224, 0.056856187290969896, 0.10033444816053512, 0.05351170568561873, 0.13377926421404682, 0.12709030100334448, 0.09364548494983277, 0.12374581939799331, 0.14715719063545152, 0.21739130434782608, 0.23745819397993312, 0.22408026755852842, 0.23745819397993312, 0.3076923076923077, 0.24414715719063546, 0.24749163879598662, 0.3177257525083612, 0.26755852842809363, 0.2608695652173913, 0.27759197324414714, 0.1939799331103679, 0.3712374581939799, 0.3277591973244147, 0.07692307692307693]}